{"cameraMode":{"drawMode":0,"name":"Shaded","section":"Shading Mode"},"sceneLighting":true,"audioPlay":false,"sceneViewState":{"showFog":true,"showMaterialUpdate":false,"showSkybox":true,"showFlares":true,"showImageEffects":true,"showParticleSystems":true},"in2DMode":false,"pivot":{"x":7.382927417755127,"y":3.505268096923828,"z":-3.205052375793457},"rotation":{"x":-0.0004870826087426394,"y":0.999495267868042,"z":0.019162941724061967,"w":0.02533121593296528},"size":12.972556114196778,"orthographic":false}